id;title;description;priority;start_date_time;end_date_time;status;due_date;attachment;attachment_content_type
1;guarantee poor;confidentiality piercing mid;LOW;2023-11-15T00:56:24;2023-11-15T19:32:09;NOT_STARTED;2023-11-15;../fake-data/blob/hipster.png;image/png
2;ah scrap;forenenst equal;HIGH;2023-11-15T09:49:26;2023-11-15T11:48:57;IN_PROGRESS;2023-11-15;../fake-data/blob/hipster.png;image/png
3;yin;valiantly;HIGH;2023-11-15T06:27:05;2023-11-15T19:03:54;NOT_STARTED;2023-11-15;../fake-data/blob/hipster.png;image/png
4;needily;ischemia;MEDIUM;2023-11-15T12:11:26;2023-11-14T22:46:38;NOT_STARTED;2023-11-15;../fake-data/blob/hipster.png;image/png
5;unwieldy;catalyst;HIGH;2023-11-15T17:36:00;2023-11-15T14:31:17;IN_PROGRESS;2023-11-15;../fake-data/blob/hipster.png;image/png
6;horrify for powerfully;between yum mime;MEDIUM;2023-11-15T01:52:50;2023-11-15T15:42:00;NOT_STARTED;2023-11-15;../fake-data/blob/hipster.png;image/png
7;profile;stupendous;HIGH;2023-11-15T19:43:11;2023-11-15T12:48:55;COMPLETED;2023-11-15;../fake-data/blob/hipster.png;image/png
8;red lanky;evenly yippee mmm;HIGH;2023-11-15T10:18:59;2023-11-15T15:54:56;IN_PROGRESS;2023-11-14;../fake-data/blob/hipster.png;image/png
9;scout before;fortunately;LOW;2023-11-14T22:35:46;2023-11-15T05:06:19;NOT_STARTED;2023-11-15;../fake-data/blob/hipster.png;image/png
10;pace;ugh;MEDIUM;2023-11-15T12:21:13;2023-11-15T01:53:57;COMPLETED;2023-11-14;../fake-data/blob/hipster.png;image/png
